atm_id;incasationcost;worktime_split
001cd93c0d71a9201c2a3e5e0dc49959;3512;[1, 1, 1, 1, 1, 1, 0]
002fc583a1d6b9d822f836a0258425ac;3746;[1, 1, 1, 1, 1, 1, 1]
00358bf312b4629058d61472016232d5;4297;[1, 1, 1, 1, 1, 1, 1]
006b6cc0a18304b2b7258988d0ce023e;4352;[1, 1, 1, 1, 1, 1, 1]
008d2c661348ab8df6051b18e8458ba4;3310;[1, 1, 1, 1, 1, 1, 1]
010fc18f5587918a6d839288ef99b1bb;3611;[1, 1, 1, 1, 1, 1, 1]
0120ed1ebac21b881e5bfca1058ce5d9;3316;[1, 1, 1, 1, 1, 1, 1]
01f44929012b30c14f9a77228591ca77;3885;[1, 1, 1, 1, 1, 1, 0]
02261484f04f1dc5549fe13c7d764ce9;3645;[1, 1, 1, 1, 1, 1, 1]
0338903d9f6a928ea6679e65db8348c4;3557;[1, 1, 1, 1, 1, 1, 1]
033ffccd56fab9b654b29d2d0041b3b4;3474;[1, 1, 1, 1, 1, 1, 1]
03e71b06a6970af2c002a4b374029d1a;4225;[1, 1, 1, 1, 1, 1, 1]
045249695cdc8fe8e10459fc5bdf8140;3539;[1, 1, 1, 1, 1, 1, 1]
04ff8cff97705b3f67b69fbf4a925c21;3630;[1, 1, 1, 1, 1, 1, 1]
05bbcb9d82eb5ba286e8dfa245252a49;3694;[1, 1, 1, 1, 1, 1, 1]
0604e1a5f4740fac7147969cf6ca990a;3469;[1, 1, 1, 1, 1, 1, 1]
065f11face1b5bd6046d7f238e26fc9d;3693;[1, 1, 1, 1, 1, 1, 1]
0702d8285e74db5a832d29ce60a87bc0;3599;[1, 1, 1, 1, 1, 1, 1]
07106dff8f8045afadbe0e9bfebb93a7;3574;[1, 1, 1, 1, 1, 1, 1]
0733f5660422f97a096a45a098632bbc;4121;[1, 1, 1, 1, 1, 1, 1]
086a033c90dce77cb98295708ceb2907;3431;[1, 1, 1, 1, 1, 1, 1]
088949e2f8686bf218208482553c09d1;3614;[1, 1, 1, 1, 1, 1, 1]
08dc0d233e005e204f2c2116a100c0b2;3531;[1, 1, 1, 1, 1, 1, 1]
096cf05a6d6db200b7935061ff71edcc;3669;[1, 1, 1, 1, 1, 1, 0]
0a121b455f8bfd1903e8cad97a751fbc;4345;[1, 1, 1, 1, 1, 1, 1]
0a1874a8a018d40c25f8bef45de37783;3424;[1, 1, 1, 1, 1, 1, 1]
0a5848384fa50ffe026ba071df826928;3605;[1, 1, 1, 1, 1, 1, 1]
0a8d4469d73045a622432edf61cfd146;3563;[1, 1, 1, 1, 1, 1, 1]
0ad914b3f20330bf3c70007b18b9c344;3556;[1, 1, 1, 1, 1, 1, 1]
0af12142700bfdb4ccbf7ccf55189f59;2851;[1, 1, 1, 1, 1, 1, 1]
0af8a686fd2bd19443de15d9a9bb9a99;3668;[1, 1, 1, 1, 1, 1, 1]
0b38a1cb4232f8bd1b28b5e675c1cec5;4526;[1, 1, 1, 1, 1, 1, 1]
0b8cae6960fe77af37351cd485683412;4717;[1, 1, 1, 1, 1, 1, 1]
0bdb5a256b28b39d0cb42e71b2b2c770;4503;[1, 1, 1, 1, 1, 1, 1]
0bdf4b9f800e5f0b7b6b1f4ff88fe234;3771;[1, 1, 1, 1, 1, 1, 1]
0c6a55e902f0761ade112233ace06b07;3564;[1, 1, 1, 1, 1, 1, 1]
0d03e19e29608458daa6376c0f2fd817;3388;[1, 1, 1, 1, 1, 1, 1]
0eb70b8dcdaca0c08308250c96b395a3;3545;[1, 1, 1, 1, 1, 1, 1]
0fd9300c6a1ba6e62676741d9a723684;3203;[1, 1, 1, 1, 1, 1, 1]
1180d1939822f7e3fc08498ec5f1a736;3479;[1, 1, 1, 1, 1, 1, 1]
11aeac44f5bbd31c87ddad1c6c5f0cd9;3478;[1, 1, 1, 1, 1, 1, 1]
139d8e00defbdd5f4e1badf4ae730472;3545;[1, 1, 1, 1, 1, 1, 1]
1432f13f42590441a573ce5607ecd68d;3422;[1, 1, 1, 1, 1, 1, 1]
144e73448cb520d80afe8c6fad1b5fa2;3725;[1, 1, 1, 1, 1, 0, 0]
1457e9e4c16d6d6e38319824769c072d;3467;[1, 1, 1, 1, 1, 1, 1]
15189f05599ab85b2198f877524fc2fd;3481;[1, 1, 1, 1, 1, 1, 1]
15be6bbe71171b9454e9cd2840285391;4484;[1, 1, 1, 1, 1, 1, 1]
15d9559f444d80d9897b6d350ed008f5;3468;[1, 1, 1, 1, 1, 1, 1]
1751c2e8a90962513ac6d7b9cefea7d8;3541;[1, 1, 1, 1, 1, 1, 1]
182377100215f2332aa7a8788943618a;4209;[1, 1, 1, 1, 1, 1, 1]
1898619a550f127a347f803ffdd28cca;4115;[1, 1, 1, 1, 1, 1, 1]
18ab8b281d80b85cf392c20c0e38149c;4286;[1, 1, 1, 1, 1, 1, 1]
19314f55a2946842cda9bb34b4b509b3;3457;[1, 1, 1, 1, 1, 1, 1]
1a351b5afb59c03c8e0851ca064de1de;3519;[1, 1, 1, 1, 1, 1, 1]
1a6fe6f65bdbc1a1c9945d38a3661825;5505;[1, 1, 1, 1, 1, 1, 1]
1aeebab4f19af66579b6e7adbde4b04f;3566;[1, 1, 1, 1, 1, 1, 0]
1b6ac3c513770338c147def27ad654d1;3384;[1, 1, 1, 1, 1, 1, 1]
1ba9c82a6ec5c82ebd1b9780f87d1d08;3592;[1, 1, 1, 1, 1, 1, 1]
1c3ac064a802ab0f52d8049dc9e17268;4127;[1, 1, 1, 1, 1, 1, 1]
1c3d93a963cc76190aa4ad40b584fde2;3518;[1, 1, 1, 1, 1, 1, 1]
1c6371fbe854a472539755a2cfa29cfa;3648;[1, 1, 1, 1, 1, 1, 1]
1ca5868f4ed07b653d03cebadab07845;3434;[1, 1, 1, 1, 1, 1, 1]
1cf6fb95b2d8a2e9cbb419425bc8bf6b;3612;[1, 1, 1, 1, 1, 1, 1]
1d2f748d0be0e6f173778fcfdaa1cc40;3380;[1, 1, 1, 1, 1, 0, 0]
1d9e192f27575f6cbe33e1e56e983e24;3454;[1, 1, 1, 1, 1, 1, 1]
1ddb8b2a891b52781d187df03fbaa565;3592;[1, 1, 1, 1, 1, 1, 1]
1e7dde87a0593780f1de5ebe76320db6;3507;[1, 1, 1, 1, 1, 1, 1]
1fd32b1290c5b0295914c16be37a71fd;3557;[1, 1, 1, 1, 1, 1, 1]
202d3d388f391a2ddf91deb20be5431a;3834;[1, 1, 1, 1, 1, 1, 0]
21492ae4c76c4691b07fb0b89e70488b;3592;[1, 1, 1, 1, 1, 1, 1]
21af7575fe61cdda49d4e6cf07e158bc;3546;[1, 1, 1, 1, 1, 1, 0]
2290efc2344ecd1b24da648604635a06;3574;[1, 1, 1, 1, 1, 1, 1]
22b2303b9445f66a0fe2c70e8be09855;3489;[1, 1, 1, 1, 1, 1, 1]
22bbd95a75d9a0dfb2ddce7ce1b51c39;3545;[1, 1, 1, 1, 1, 1, 1]
22c9dd0cc8d32ff8139ab6e7828b9a6d;4050;[1, 1, 1, 1, 1, 0, 0]
23791ef0289439d5223d3e3b725e6089;3579;[1, 1, 1, 1, 1, 1, 1]
23963b50cfcaeb700209333543ec3217;3714;[1, 1, 1, 1, 1, 1, 1]
2440184b0603543092382fe66a57eb7f;3564;[1, 1, 1, 1, 1, 1, 1]
255e7988d8a9f955ef4b894c78e75d46;3031;[1, 1, 1, 1, 1, 1, 1]
260290c08dbafa60304ed9db992065d6;3711;[1, 1, 1, 1, 1, 0, 0]
26a3dd41af5f133f26f6ae3526cbd3a3;3607;[1, 1, 1, 1, 1, 1, 1]
2707be52392c9ac218abb379976e831f;3595;[1, 1, 1, 1, 1, 1, 1]
271560e63aa6e74093ec0805bf79c852;3490;[1, 1, 1, 1, 1, 1, 1]
2752e1ed0fb8ea9ac4e1ebbfe205ac9e;3617;[1, 1, 1, 1, 1, 1, 1]
27e37f2121ea66a9251bf3be06cd735b;3662;[1, 1, 1, 1, 1, 1, 1]
27faad99eed9ce5e2804f982a88afc2c;3459;[1, 1, 1, 1, 1, 1, 1]
2839fcfaaa3fdea0da5bb6e1ca0fefd8;4384;[1, 1, 1, 1, 1, 1, 1]
28e9335c3552b929dfa47390646c71ac;4064;[1, 1, 1, 1, 1, 1, 1]
2925b08af2761ab0b2feee5da9bc5978;3561;[1, 1, 1, 1, 1, 1, 1]
29a51a6efeb364002bace524f339dcb2;3301;[1, 1, 1, 1, 1, 1, 1]
29e86b99a0ef95b86d3326d0b868a85f;3569;[1, 1, 1, 1, 1, 1, 1]
2b093a46571a5d9ae860e7da75727c46;3210;[1, 1, 1, 1, 1, 1, 1]
2b9335c6f7ce830f052c1e1297449b70;4601;[1, 1, 1, 1, 1, 1, 1]
2c015ce52f914eecae75dbc4d75db348;4060;[1, 1, 1, 1, 1, 0, 0]
2c5d4f01a6ef4d7e52f4106c805fb23a;3731;[1, 1, 1, 1, 1, 1, 0]
2c8effe920d5112f6ecc60b68a4d183c;3293;[1, 1, 1, 1, 1, 1, 1]
2cd127262f84741679085badb0f763be;3538;[1, 1, 1, 1, 1, 1, 1]
2d11af05b709c9007b94bc53e20e7717;4331;[1, 1, 1, 1, 1, 1, 1]
2d438e082cce6add0741790a23341e4c;3549;[1, 1, 1, 1, 1, 1, 1]
2db70f291d22cd4d623810d57145bb80;4176;[1, 1, 1, 1, 1, 1, 1]
2ddd5652ef2c04e3227d8ec2811bbef9;3453;[1, 1, 1, 1, 1, 1, 1]
2e60004b3245d65df7dca8a752d93999;3552;[1, 1, 1, 1, 1, 1, 1]
2eea1d0b741ccee45c72b86d3ce6d8aa;3601;[1, 1, 1, 1, 1, 1, 1]
2f29470d37d219892948cf7a23c5bf4d;3573;[1, 1, 1, 1, 1, 1, 1]
2f5254a577e72db5ae46c340d28d3a7a;3813;[1, 1, 1, 1, 1, 1, 0]
2fb948ed1669e61e70e12ab57b806ef8;3701;[1, 1, 1, 1, 1, 1, 1]
30362ecab7ebe898aa1ab15282f34ad4;3146;[1, 1, 1, 1, 1, 1, 1]
307f501ec5695ad33cd0e318d4005ce6;3496;[1, 1, 1, 1, 1, 1, 1]
30d65385c72bd4b0c669b9407a05c72f;3581;[1, 1, 1, 1, 1, 1, 1]
311b09b6250a2d02e0407c9f9ef977b4;3266;[1, 1, 1, 1, 1, 1, 1]
31817210b8a5fb8055d8529690593b58;5810;[1, 1, 1, 1, 1, 1, 1]
31e95d19edcb7a98df0c7aa74b90131d;3532;[1, 1, 1, 1, 1, 1, 1]
31f3d038d83f612900a571c240f04cd6;3303;[1, 1, 1, 1, 1, 1, 1]
324857cfb57e80e991eee4622badd25e;3442;[1, 1, 1, 1, 1, 1, 1]
32a0a3467bc2255eea631b4411d0db92;3492;[1, 1, 1, 1, 1, 1, 1]
32b4dd315f082fd27c3e599fd98baff7;3439;[1, 1, 1, 1, 1, 1, 1]
3302cd9c6111b3c86ea17dd446d08a0d;3516;[1, 1, 1, 1, 1, 1, 1]
330de6a864fdc7b3c3c1f39421e5d112;3467;[1, 1, 1, 1, 1, 1, 1]
3338ee179677bb1ce6f2633996076d22;3536;[1, 1, 1, 1, 1, 1, 1]
33bf905a168df9b5d8675ceced168315;2943;[1, 1, 1, 1, 1, 0, 0]
33de5d92c7de6aaca18e97646f6bac31;2835;[1, 1, 1, 1, 1, 1, 1]
34838ab4aeff530f73908efebb44c522;3378;[1, 1, 1, 1, 1, 1, 1]
351b12ccc629727e8887534267bd670d;2892;[1, 1, 1, 1, 1, 1, 1]
3550106393f700de1707933ea50e6abb;3497;[1, 1, 1, 1, 1, 1, 1]
35b92245118dbdb01c104ef34ebbf4bf;3566;[1, 1, 1, 1, 1, 1, 1]
35d1f52ad6326e925f3fdead1b505c25;3474;[1, 1, 1, 1, 1, 1, 1]
35f3f924b9a6bb9e42c9abc89aeff019;3741;[1, 1, 1, 1, 1, 1, 1]
36e8eabab72c21050c1f746a73219fc1;3685;[1, 1, 1, 1, 1, 0, 0]
36f67bd31a08c477b33182a26baa30ea;3528;[1, 1, 1, 1, 1, 1, 1]
3712216ea286cc627da55954e0d05d03;3494;[1, 1, 1, 1, 1, 1, 1]
37173a1fb879ec65f7a8c24159a3e3b1;4541;[1, 1, 1, 1, 1, 1, 1]
372be49936aefdfc80e6fd3510f4bb58;3669;[1, 1, 1, 1, 1, 1, 1]
385805dd3f9ccd3a0e6b4e9609319039;3752;[1, 1, 1, 1, 1, 0, 0]
396326dbe36f99c4ef3a22a3dc19846c;3480;[1, 1, 1, 1, 1, 1, 1]
397f7fe04770f20829abe4bfd7366b52;3036;[1, 1, 1, 1, 1, 1, 1]
39a1ee8f8a2697cdb445ecd3532f3e3c;4585;[0, 1, 1, 1, 1, 1, 0]
39da6e5317b4487f7cca5e40d7100f92;3786;[1, 1, 1, 1, 1, 1, 1]
39eed72f48192d4f386256c5c3824dcc;3473;[1, 1, 1, 1, 1, 1, 1]
3a1997b4684fd86a1e3934f6363f188d;4347;[1, 1, 1, 1, 1, 0, 0]
3a44ddc7a1787917dd0b912d413a5448;3723;[1, 1, 1, 1, 1, 1, 1]
3b5d7e547353447a857af69e69c49081;4289;[1, 1, 1, 1, 1, 1, 1]
3bb3b0e3c8725c3b3427f5470effcf27;3792;[1, 1, 1, 1, 1, 1, 1]
3bc379d1770b7cc85432537d81e68e64;3550;[1, 1, 1, 1, 1, 1, 1]
3bd1f4b01938abe4be7c9176eed9c01c;3424;[1, 1, 1, 1, 1, 1, 1]
3be63f4888cba380507e70a3957bc9e2;4532;[1, 1, 1, 1, 1, 1, 0]
3bef95a4aeabff673ee84eaa4e8b96d6;3644;[1, 1, 1, 1, 1, 1, 1]
3bf1e0090de25b11c4b46a7862b76405;3055;[1, 1, 1, 1, 1, 1, 1]
3c0ee319b7e65ab14641d2aea793a63d;3238;[1, 1, 1, 1, 1, 0, 0]
3c4b49cadc49a7c48c7bfbf66842a4f8;3149;[1, 1, 1, 1, 1, 1, 1]
3cdbfa717f312e2b6c408c18fd3f2871;3882;[1, 1, 1, 1, 1, 1, 1]
3d4e6bb0e5c4fff2470e050096f075fb;4687;[1, 1, 1, 1, 1, 1, 1]
3d9d049570336f0b8ae52bc3c843b697;3550;[1, 1, 1, 1, 1, 1, 1]
3de19b0d8a643290f862fc84b438f04a;3559;[1, 1, 1, 1, 1, 1, 1]
3e2042ce5bacf8125d851f1bc8fd58f4;3741;[1, 1, 1, 1, 1, 1, 1]
3e278531150fe0032cc9c6940cb86e1c;3613;[1, 1, 1, 1, 1, 1, 1]
3f1d00b156eb2dd648f3e093ab081d7c;3473;[1, 1, 1, 1, 1, 1, 1]
3fc3619c16306db274ec063aee6dd5bb;3579;[1, 1, 1, 1, 1, 1, 1]
3fc528ff229fef5430173ab81385f943;3376;[1, 1, 1, 1, 1, 1, 1]
40185d9312f7a83cca0209717756b045;4209;[1, 1, 1, 1, 1, 1, 1]
403246e412240c97bae69439835ffb07;3377;[1, 1, 1, 1, 1, 1, 1]
40ec8b180093e052d6382e6d988f476c;3582;[1, 1, 1, 1, 1, 1, 1]
41ac238b726521ac99d2b9970fd9d2da;3501;[1, 1, 1, 1, 1, 1, 1]
41bd0e1daee0909e2f87fc20d9fa6b8b;2987;[1, 1, 1, 1, 1, 1, 1]
41ebfef17643a980b37cc094c88f5d5d;3379;[1, 1, 1, 1, 1, 1, 1]
424dc5f3dcb939f87d68f29942bf9cd9;3586;[1, 1, 1, 1, 1, 1, 1]
42ac417ce34dbec524dc05fcd53d7fdd;3196;[1, 1, 1, 1, 1, 1, 1]
42f80747218633c692d8616a5c777df7;3555;[1, 1, 1, 1, 1, 1, 1]
4350d9f6694a64a4e764a1709758e28e;3573;[1, 1, 1, 1, 1, 1, 1]
4359d8f722d07f933b367e462e12081a;4285;[1, 1, 1, 1, 1, 1, 1]
4429cb27a8d99f7b6f664c20b1289374;3541;[1, 1, 1, 1, 1, 1, 1]
445e8e11b4222236c24c1e12f2fa2a8c;3642;[1, 1, 1, 1, 1, 1, 1]
44834fa9c8e0d3fb282437790984d1fb;3581;[1, 1, 1, 1, 1, 1, 1]
44c2c1b0f20d34bb15b97624d83d8b5c;3576;[1, 1, 1, 1, 1, 1, 1]
454fc4ea80762640f0b57827f954d639;3132;[1, 1, 1, 1, 1, 1, 1]
4685edc9d06f7415e4e980fec9dd68b7;3326;[1, 1, 1, 1, 1, 0, 0]
46a09d83265a3c40581ed315e643a6ce;3451;[1, 1, 1, 1, 1, 0, 0]
46d3165f9ab4aad66d2104c7f7286194;3517;[1, 1, 1, 1, 1, 1, 1]
47536b2206f7bd2eeafbb6ae923c0e23;3409;[1, 1, 1, 1, 1, 1, 1]
47942907a3a77e120ad62c8dc03464c6;3466;[1, 1, 1, 1, 1, 1, 1]
47c518d64a922ee0684142351a32fa41;3056;[1, 1, 1, 1, 1, 1, 1]
4874c10f547b1746e490c3adde8216a0;3452;[1, 1, 1, 1, 1, 1, 1]
48a0227fb63e26ff0c32e60889d5c60e;3650;[1, 1, 1, 1, 1, 1, 1]
4940ca05cf0b27a62ac528ea28b4425f;3780;[1, 1, 1, 1, 1, 1, 1]
495bc432500645d3e5f0394d6eb4c17c;3601;[1, 1, 1, 1, 1, 1, 1]
4aeb88c9ad8700673710282abd67dc13;3475;[1, 1, 1, 1, 1, 0, 0]
4b260ff60a0120a2d402a30db1da7621;3642;[1, 1, 1, 1, 1, 1, 1]
4ba74c965cab51e24e3c6b555603813d;3670;[1, 1, 1, 1, 1, 1, 1]
4c4df582f69364e3ebbb2e0bc143551f;3493;[1, 1, 1, 1, 1, 1, 1]
4c5d0e769d962b2ed61396d277b914cb;3545;[1, 1, 1, 1, 1, 1, 1]
4d242461b7939248e681efdaba9e83d9;3362;[1, 1, 1, 1, 1, 1, 1]
4d555dcc91dcebee8f9bbfd498d1838d;4163;[1, 1, 1, 1, 1, 1, 1]
4e140b578206b92e444c5d0eeff5a4ff;2785;[1, 1, 1, 1, 1, 1, 1]
4e634be26bf3ab235d9c479b1597de27;3572;[1, 1, 1, 1, 1, 1, 1]
4ed57f6a3fcbdebf3f3146924e5743e7;3522;[1, 1, 1, 1, 1, 1, 1]
4f117bc34117badda94f3e66c4c9bee7;3484;[1, 1, 1, 1, 1, 1, 1]
4fd0b01e2d622deb77971da6ca2dc24c;3684;[1, 1, 1, 1, 1, 1, 1]
4fedd303abd4363ca0a81baf8446df7e;3659;[1, 1, 1, 1, 1, 1, 1]
5082185d9c165a95d9ce733d567011d0;4318;[1, 1, 1, 1, 1, 1, 1]
50ae26d58c7a91dd772272d979c2d2d4;3580;[1, 1, 1, 1, 1, 1, 0]
51271ffd017867de4359cb0892f608d8;3496;[1, 1, 1, 1, 1, 1, 1]
514aba043dfc69d23a07ffc20511f821;3772;[1, 1, 1, 1, 1, 1, 1]
5153a0211aeabde057219b2ec0ed37df;3302;[1, 1, 1, 1, 1, 1, 1]
51a3e81a61c1fdd7de7a91299ca43c78;4709;[1, 1, 1, 1, 1, 1, 1]
53d48ed4ff5b9197e8f16149f5e33951;3467;[1, 1, 1, 1, 1, 1, 1]
546649b11ab3169b953ff5ac7f343844;3669;[1, 1, 1, 1, 1, 1, 1]
55399361fa0f648d73ed26fddf827380;3338;[1, 1, 1, 1, 1, 1, 1]
557654aa3c2ef7716ac1a8fd9c9dbf9f;5203;[1, 1, 1, 1, 1, 1, 1]
557c91a3f1ac312a49a3bfe68d438a02;3525;[1, 1, 1, 1, 1, 1, 1]
55c642aa5c5c81337981a606aee75244;3936;[1, 1, 1, 1, 1, 0, 0]
567fcfa18914571cb50d577b0bb73c00;3602;[1, 1, 1, 1, 1, 1, 1]
5744d168403302e7c8628bb2a4981fa3;4394;[1, 1, 1, 1, 1, 1, 1]
5837877db881d1ebcc0c4e818761a2d3;3609;[1, 1, 1, 1, 1, 1, 1]
58ee56cab1c8b6fbae6b9893c35213fb;3654;[1, 1, 1, 1, 1, 1, 1]
5964f9e64dc0e33f1249de563a98340b;3682;[1, 1, 1, 1, 1, 1, 1]
5976c7c74c2a5889d885dad8015faff0;3608;[1, 1, 1, 1, 1, 1, 1]
597b7434ae106cbdb8daf105190ae9b5;3874;[1, 1, 1, 1, 1, 1, 1]
5a5c67ef53eb0861b49eb64e7a738e7f;3485;[1, 1, 1, 1, 1, 1, 1]
5a5d0f6a4a90dca13a715935eb51969c;3465;[1, 1, 1, 1, 1, 1, 1]
5aa327a65febdb773a9b752c271baeab;3300;[1, 1, 1, 1, 1, 1, 1]
5ad02b535ff77e3801a64ecdb533456e;3478;[1, 1, 1, 1, 1, 1, 1]
5b46afe2dd291452a6d3eea492d5da6f;3526;[1, 1, 1, 1, 1, 1, 1]
5b980a902811057be3eb825823fc0466;3648;[1, 1, 1, 1, 1, 1, 1]
5cb3926b26cd86a5b3caf20f512c158e;3541;[1, 1, 1, 1, 1, 1, 1]
5ccc911d7d279fab58ac56cd5d839681;4195;[1, 1, 1, 1, 1, 1, 1]
5d14c57272e38e0891850b0c7ea98642;3507;[1, 1, 1, 1, 1, 1, 1]
5d26c8835264ffb61fd63f1f901c8095;5616;[1, 1, 1, 1, 1, 1, 1]
5dc40ea3ef8c58970d67bd32c52608aa;3738;[1, 1, 1, 1, 1, 1, 1]
5de783e715bd0fc777ff96a7d3579538;3501;[1, 1, 1, 1, 1, 1, 1]
5e24fa5286f2cb9fc1fbffc0fabd9ad5;3266;[1, 1, 1, 1, 1, 0, 0]
5e63e161fe83cc1dd8a9792d9936f452;3432;[1, 1, 1, 1, 1, 1, 1]
5fb6b51ceaa9993af14699db8144d549;3635;[1, 1, 1, 1, 1, 1, 1]
601eab8fdfb7830c8047e2356e5a29df;3146;[1, 1, 1, 1, 1, 1, 1]
60545341dc3809e615d19eccfb99f98d;3534;[1, 1, 1, 1, 1, 1, 1]
608cd8bc4da8b26facb317955835beac;3568;[1, 1, 1, 1, 1, 1, 1]
60e40615bd587750abd672963feffe60;3583;[1, 1, 1, 1, 1, 1, 1]
61a498776538f9e3e65eff3943b04065;2729;[1, 1, 1, 1, 1, 1, 1]
61f0cfe56dd53761bc6ef581d61406a2;3815;[1, 1, 1, 1, 1, 1, 1]
62fc1ce3c9e18e89050760fa56bda2ea;3627;[1, 1, 1, 1, 1, 1, 1]
630261f21ce1efc1cd7c02354e16753d;3525;[1, 1, 1, 1, 1, 1, 1]
63443fe356af10834d9c9f1b1d813655;4220;[1, 1, 1, 1, 1, 1, 1]
63e9532e10749db2c2679e749373b768;3583;[1, 1, 1, 1, 1, 1, 1]
63f485b3fbb6f6df38ca02256a8c6124;3574;[1, 1, 1, 1, 1, 1, 1]
65eacc695c60e4415d766d3e8f007e33;4185;[1, 1, 1, 1, 1, 1, 1]
661a8d95ae7442beb0baad039b5e43b8;4325;[1, 1, 1, 1, 1, 1, 1]
6625bdc589cd03d88b9258cd013f3e75;5350;[1, 1, 1, 1, 1, 1, 1]
663aaa61bab67ccd0436f25fba42c7f1;3598;[1, 1, 1, 1, 1, 1, 1]
6658e3a6df39a2fc6f16d264397a2fb9;3641;[1, 1, 1, 1, 1, 1, 1]
665a5038939c13c450e983a66a484894;3500;[1, 1, 1, 1, 1, 1, 1]
6718e9aeab863e5968afb6ad1117c6ce;3579;[1, 1, 1, 1, 1, 1, 1]
67544c2a43c3fd651a87384a95520f80;3502;[1, 1, 1, 1, 1, 1, 1]
683b8250ad8eea9fb24641a77155cb23;3616;[1, 1, 1, 1, 1, 1, 1]
687bc3d82d9fddeb254be655772dde29;2954;[1, 1, 1, 1, 1, 1, 1]
68855fe8af666dcbda0d60dd073ee5ac;3605;[1, 1, 1, 1, 1, 1, 1]
6a0967278c16372a3a7054d692c99c08;3504;[1, 1, 1, 1, 1, 1, 1]
6a12fd5b51959276637403765f987b27;3464;[1, 1, 1, 1, 1, 1, 1]
6a46c4f90d7c2b55f868b1a67971aa9f;3654;[1, 1, 1, 1, 1, 1, 1]
6ac3695e98cddc8d083729b923b215cb;3614;[1, 1, 1, 1, 1, 0, 0]
6ae5bebfa2cf764a276aeb3736354c09;3614;[1, 1, 1, 1, 1, 1, 0]
6b03870453e111b5944166810817d625;3639;[1, 1, 1, 1, 1, 1, 1]
6baf42f2185936c0149780bcf1f69245;3552;[1, 1, 1, 1, 1, 1, 1]
6bc83314bfff7c47ad8c3f7e91de6792;3412;[1, 1, 1, 1, 1, 1, 1]
6c0e48c5255d58c988fbd5c86ae70542;3935;[1, 1, 1, 1, 1, 1, 1]
6c3a006dd6eecc9f0798322640167545;3408;[1, 1, 1, 1, 1, 1, 1]
6c9f216d2a2f6af7d31de0713d7a9abf;4345;[1, 1, 1, 1, 1, 1, 1]
6cf214f909fcad1d6171534218ba69d9;2817;[1, 1, 1, 1, 1, 1, 1]
6dc6d39b26b145aba3638a37dc58d29d;3766;[1, 1, 1, 1, 1, 1, 1]
6de72dc9df4827b329ad8955c69247ab;3568;[1, 1, 1, 1, 1, 1, 1]
6e5ffe8665f938295c2e658e26324ccf;3402;[1, 1, 1, 1, 1, 1, 1]
6e933d46bd5f567323cb273334d408ab;3542;[1, 1, 1, 1, 1, 1, 1]
6ea9b95b37143c665f348ac91f0abf71;3863;[1, 1, 1, 1, 1, 1, 0]
6edbbf1fb5915e4db60f711642dac77f;4228;[1, 1, 1, 1, 1, 1, 1]
6f05a3177de3082185a498f49e890e2e;3668;[1, 1, 1, 1, 1, 1, 1]
701477e3dce71583a2a24318df7c3621;3528;[1, 1, 1, 1, 1, 1, 1]
701c545721d6c8fd8011e442bd72ea41;3541;[1, 1, 1, 1, 1, 1, 1]
7033c0ad290700b2d21714a95ce9510e;3738;[1, 1, 1, 1, 1, 1, 1]
719b291eff3f1189c1b80581792fd851;4364;[1, 1, 1, 1, 1, 0, 0]
71d6f65e6d2596b97ce7627d5e6332ec;3776;[1, 1, 1, 1, 1, 1, 1]
71f8e59ff2f07ca0a2131edc0656beab;4259;[1, 1, 1, 1, 1, 1, 1]
7282c234a05409fd28ad4e92234ed1b3;3929;[1, 1, 1, 1, 1, 1, 1]
728c2c9b543cc04941c57f9d865cd9db;3271;[1, 1, 1, 1, 1, 0, 0]
72b59e64e130d942f0ed1bffcbb8e450;3762;[1, 1, 1, 1, 1, 1, 1]
73b3f1c68f92b251ffc51a3a7dd81566;4289;[1, 1, 1, 1, 1, 1, 1]
744a71c0d28354791b21616b55979ff3;3538;[1, 1, 1, 1, 1, 1, 1]
744dbbb384b3bd1952f5e290f386a9cf;4551;[1, 1, 1, 1, 1, 1, 1]
74905e544758b9007a30c3d66677e8f5;3512;[1, 1, 1, 1, 1, 1, 1]
7557c47710f64e9f75d8fbaa187cdf0d;3774;[1, 1, 1, 1, 1, 1, 1]
756cc69d7da57fcd8a8bfab7ab939b2f;3747;[1, 1, 1, 1, 1, 1, 1]
7572f54459a4d70de73f67a74a65188b;3310;[1, 1, 1, 1, 1, 1, 1]
761ac2143189ce3a3038eb5555f0df0c;3587;[1, 1, 1, 1, 1, 1, 1]
7629c61d3f54e9d058100414375fbb96;3087;[1, 1, 1, 1, 1, 1, 1]
76a07e67612fab1a6e6d05c274897725;3653;[1, 1, 1, 1, 1, 1, 1]
76c9321c29ec975f500d036c04a9695a;2799;[1, 1, 1, 1, 1, 1, 1]
76ddbc6017796b95a833ebd368dd0597;2665;[1, 1, 1, 1, 1, 1, 1]
76ec51f6d16c71ff19b322e3e96d8481;3700;[1, 1, 1, 1, 1, 1, 1]
76ef1b4f42d747f7cbbc0cd9c8f596ad;3610;[1, 1, 1, 1, 1, 1, 1]
7767955d4af05aac5a0348e9d7d80f84;3608;[1, 1, 1, 1, 1, 1, 1]
77ac125c4a0d177530d4e07f94a08f91;3565;[1, 1, 1, 1, 1, 1, 1]
77f84b862a84269d9e74f5ebaa61e58a;3733;[1, 1, 1, 1, 1, 1, 1]
7837f1c2f77d527e7e46f462028d4158;3636;[1, 1, 1, 1, 1, 1, 1]
792fd04d94ccde27c0e0d33a4847f84d;3465;[1, 1, 1, 1, 1, 1, 1]
796ce55bc3f34ef50b2b710995b8b854;3817;[1, 1, 1, 1, 1, 1, 1]
79718c8ec693084f802edc990f8f4897;3623;[1, 1, 1, 1, 1, 1, 1]
79f9806b742ec27f4abdc7bb943bd9cb;3298;[1, 1, 1, 1, 1, 1, 1]
7a8aedc73a7fd7aed2c8e19456dc18d4;3482;[1, 1, 1, 1, 1, 1, 1]
7aaa89f5f69b3142dc1b749b93dff244;3614;[1, 1, 1, 1, 1, 1, 1]
7ae33456c347d448b2882d3bb877f361;3391;[1, 1, 1, 1, 1, 1, 1]
7af5cb574c5a8a53083a852e3f7fa857;3109;[1, 1, 1, 1, 1, 1, 1]
7b3a8601b6054aa1d2c3e4ee97970a4b;3471;[1, 1, 1, 1, 1, 1, 1]
7b77dbd20888b773037eff55b852c941;3462;[1, 1, 1, 1, 1, 1, 1]
7b9bb6fd7dc7e9e58c3682d4a23cae02;5549;[1, 1, 1, 1, 1, 1, 1]
7c8161d60489e3133d4a6745f3d4159c;3479;[1, 1, 1, 1, 1, 1, 1]
7cc713e35390a618bd10b8c9c0da286e;3672;[1, 1, 1, 1, 1, 1, 1]
7d78ba7be8a26b4b12be63dd4ade72b3;3586;[1, 1, 1, 1, 1, 1, 1]
7dbfc01d00af55cb480cb9651772d6f1;3559;[1, 1, 1, 1, 1, 1, 1]
7e8469faecf4fd27e3c1a74fa462538d;3500;[1, 1, 1, 1, 1, 1, 1]
7f639c84dd9815d99819e3973e489b44;4674;[1, 1, 1, 1, 1, 1, 1]
7f76cffc99201dbdf3268c109eb7d6dc;3671;[1, 1, 1, 1, 1, 1, 1]
7f831330867dfba2571482b1fd4e9fc4;3536;[1, 1, 1, 1, 1, 1, 1]
7f83b0921eb25c9886d6006a88737985;3554;[1, 1, 1, 1, 1, 1, 1]
80998b18c5273a55b64988e57cc88fe5;3643;[1, 1, 1, 1, 1, 1, 1]
8117a86dab823266b4c97568bec57282;3660;[1, 1, 1, 1, 1, 1, 1]
82a4cd01116141b28157ca7b96721545;4477;[1, 1, 1, 1, 1, 1, 1]
835397c73c40f97fb43128e523fbd881;3462;[1, 1, 1, 1, 1, 1, 1]
83a674c13fc3706f6c100fcf252ca7ca;3483;[1, 1, 1, 1, 1, 1, 1]
83bdc7f76036c2984c98dda2a929f376;4270;[1, 1, 1, 1, 1, 1, 1]
83da49cdecd21aca4c889e90ad0ae69b;3580;[1, 1, 1, 1, 1, 1, 1]
83e31d6bae0d45325b96042cf86d95b5;3592;[1, 1, 1, 1, 1, 1, 1]
842c4e849fe23f42c485e056d3889f6a;4068;[1, 1, 1, 1, 1, 1, 1]
8439dd935782aec50a36493df52bf9d9;3652;[1, 1, 1, 1, 1, 1, 1]
8471bb7eec8f1c84c28f96ed603cffb6;3489;[1, 1, 1, 1, 1, 1, 1]
849906c6d865652b4199fc35e3a87c9e;3613;[1, 1, 1, 1, 1, 1, 1]
854fb3c127aa6c55f49667acc86421a6;3465;[1, 1, 1, 1, 1, 1, 1]
85934ee85d573e95923948c680a9ed58;3626;[1, 1, 1, 1, 1, 1, 1]
859639d0c1212ca3b7628e1b5028a9b0;3582;[1, 1, 1, 1, 1, 1, 1]
86f00872587bb7f5c155d9b01fb7c40d;4336;[1, 1, 1, 1, 1, 1, 0]
871bd039c3a1e2da1c9f6066c0f31c27;3674;[1, 1, 1, 1, 1, 1, 1]
873b02385efba4e4011b7d48d5f5300c;4335;[1, 1, 1, 1, 1, 1, 1]
87f5dde0a6db0eda77c35625db0c1292;3560;[1, 1, 1, 1, 1, 1, 1]
8811ff6ac04a20417ef3f4cd03de5105;3607;[1, 1, 1, 1, 1, 1, 1]
8821449530c741bf7acfcb46e04d12cd;3547;[1, 1, 1, 1, 1, 1, 1]
88bba92b02ee9f33694be597600ee1e2;3952;[1, 1, 1, 1, 1, 1, 1]
892f0b497acd4488032cbee1a28bfabe;3247;[1, 1, 1, 1, 1, 1, 0]
89a36c28b524829a1ce62c61cfa39c80;4014;[1, 1, 1, 1, 1, 1, 1]
89f1e4458ec1e8313b589004c6b96b7b;3668;[1, 1, 1, 1, 1, 1, 1]
8abf75c017f14d2b039ba13ff68fa2e2;3453;[1, 1, 1, 1, 1, 1, 1]
8ac8bdaaf78b3820ca717204e33cd4f7;3650;[1, 1, 1, 1, 1, 1, 0]
8ae6cb29a63f7583a2d08f63f107e966;3485;[1, 1, 1, 1, 1, 1, 1]
8b55feb51216e7508196c3e4397fd789;3535;[1, 1, 1, 1, 1, 1, 1]
8b9e7b6f6b26f1bd2af558b647bcd30e;3528;[1, 1, 1, 1, 1, 1, 1]
8bd3ad47b4f2aa492aca0cb1d58b47b6;4296;[1, 1, 1, 1, 1, 1, 1]
8bd5a54e957806aae229f3df16bf1b6a;3684;[1, 1, 1, 1, 1, 1, 1]
8c306174405897c0f978037bae0be5f8;3748;[1, 1, 1, 1, 1, 1, 1]
8cce8dce6e613ee2eb71b99bf6452737;3559;[1, 1, 1, 1, 1, 1, 1]
8dc6e05e5d13feb136c33b0296683fef;3600;[1, 1, 1, 1, 1, 1, 1]
8de05a7fb17185ff26c172377913fa64;3517;[1, 1, 1, 1, 1, 1, 1]
8ef30d0f31fb489f4fd0748c8ef02da2;4361;[1, 1, 1, 1, 1, 1, 1]
8f085a299c150344c9a33a1ff809857a;3477;[1, 1, 1, 1, 1, 1, 1]
8f7cd68bd4ad0cb87eeb76cd3f4fde32;3569;[1, 1, 1, 1, 1, 1, 1]
8f9d502682198ede2aecfabb417afe14;3493;[1, 1, 1, 1, 1, 1, 1]
9006e85e45dc1c747342ef0336b30ab5;3461;[1, 1, 1, 1, 1, 1, 1]
901723379c1db2157adc3944beb7d5a5;3455;[1, 1, 1, 1, 1, 1, 1]
9030ee1d626d188265b136d0ca0a9a31;3470;[1, 1, 1, 1, 1, 1, 1]
90b1efde8868970b16cb3cae0537b16d;4393;[1, 1, 1, 1, 1, 1, 0]
918c3d91c74201384787e64a220c7c5f;3516;[1, 1, 1, 1, 1, 0, 0]
92df6e6e5a3f50c0cfff06904f369120;3737;[1, 1, 1, 1, 1, 1, 1]
934113b3719d41d8a11a6c6eaa5a6f59;3592;[1, 1, 1, 1, 1, 1, 1]
93484791f80791afdec50cf1f0302e2c;3890;[1, 1, 1, 1, 1, 1, 1]
935aca6d48d1183f115e46c469682c94;3612;[1, 1, 1, 1, 1, 1, 1]
9418e298bc332d785ca18ced9b462213;3473;[1, 1, 1, 1, 1, 1, 1]
94a5513349eb8a684671d1d47e5b4f33;3606;[1, 1, 1, 1, 1, 1, 1]
955053125ebfe28ba570777919519c48;3514;[1, 1, 1, 1, 1, 1, 1]
956007145b2ff6f41633909810b58cbb;3599;[1, 1, 1, 1, 1, 1, 1]
95ee620f69466a4a6b75660e78bdf6b6;3693;[1, 1, 1, 1, 1, 1, 1]
961447c53e6073b7fd42ab30b3d1c6f7;3651;[1, 1, 1, 1, 1, 0, 0]
967779809ae0fd8d5b6cf27b3ba3b5d7;3557;[1, 1, 1, 1, 1, 1, 1]
96b29aff6f4e0067003dccaf855b54b7;3496;[1, 1, 1, 1, 1, 1, 1]
96d0408d3c37ac68aa480fca59807f23;3440;[1, 1, 1, 1, 1, 1, 1]
97d0e352b90777799f10e1f15e2d5b77;4803;[1, 1, 1, 1, 1, 1, 1]
986829858d6c565af35a77ddc398580a;3997;[1, 1, 1, 1, 1, 1, 1]
987aea8241159ea713f699a39504441b;3471;[1, 1, 1, 1, 1, 1, 1]
98a4db1d9c2b5b5ca3e2a18cd3231d9f;4288;[1, 1, 1, 1, 1, 1, 1]
9949b598c91b5271952a52afa6f12385;3482;[1, 1, 1, 1, 1, 1, 1]
998375a4fb3b758c46773353c661ce90;3529;[1, 1, 1, 1, 1, 1, 1]
99fbb7e1a12581db738db3f8f7a4e8ab;3484;[1, 1, 1, 1, 1, 1, 1]
9ae0ed43d75ce49ffa6003a97fd649b4;3527;[1, 1, 1, 1, 1, 1, 1]
9b8168683d84d7dc0c95bca124344b7e;4072;[1, 1, 1, 1, 1, 1, 1]
9bb1401324d6116a81586c5edea40dcd;3787;[1, 1, 1, 1, 1, 1, 1]
9bd7b9a1c9f88bf4e79b9645fc0c9552;3710;[1, 1, 1, 1, 1, 1, 1]
9c7a608a09b332f54f20eef7f067cf00;4041;[1, 1, 1, 1, 1, 0, 0]
9c7b3d5255c8063f879f4f9ba07f2f06;4045;[1, 1, 1, 1, 1, 1, 1]
9c8e1a3737c1efc111a9544af4b002c3;3486;[1, 1, 1, 1, 1, 1, 1]
9d2b4e53fdf28e0ba18e30c7a33099ca;4290;[1, 1, 1, 1, 1, 1, 1]
9d9c6b3d94a9fa22747033efa44dab40;3491;[1, 1, 1, 1, 1, 1, 1]
9dfd04c27208833b7782d248e6eed782;3471;[1, 1, 1, 1, 1, 1, 1]
9e0651fd8db2a6e84728c66c016b7966;3647;[1, 1, 1, 1, 1, 1, 1]
9eeaad0496ae6ee17ed2d1e76c99bfea;3656;[1, 1, 1, 1, 1, 1, 1]
9f4319e9a9cbb8509e1e6f355410fc7a;3372;[1, 1, 1, 1, 1, 1, 1]
9f9f286a6d9690944744fcf7f8e7bcfd;3575;[1, 1, 1, 1, 1, 1, 1]
9fa356fa8d405dbc0ff1a72b06ebc369;3704;[1, 1, 1, 1, 1, 1, 0]
9fa440806eace27dd520787e26c11fae;4289;[1, 1, 1, 1, 1, 1, 1]
a002e09d5595e212f9523215f0710906;3600;[1, 1, 1, 1, 1, 1, 1]
a0aa19f833f16d2e033f68a0f115b63c;3509;[1, 1, 1, 1, 1, 1, 1]
a1f4e90b200372f1c571bb3fbd36ab93;3484;[1, 1, 1, 1, 1, 1, 1]
a29187695d1fbef5814a4b5515a7a083;3786;[1, 1, 1, 1, 1, 1, 1]
a2955565faa2e12915f94bca977e4d5c;4429;[1, 1, 1, 1, 1, 1, 1]
a29ad1b133dbec02cd1ff5624bc30cec;3509;[1, 1, 1, 1, 1, 1, 1]
a2ab427714701c2d54fbe22fac4c8456;4219;[1, 1, 1, 1, 1, 1, 1]
a2f232db6c58db9c308ac94f9981ed91;3468;[1, 1, 1, 1, 1, 1, 1]
a304b5ba1b815cb8a04d328ec148d784;3633;[1, 1, 1, 1, 1, 1, 1]
a3cf56f9816f720c5c46a83a3a5934ac;4304;[1, 1, 1, 1, 1, 1, 1]
a52ab22bbc8e365ef82b06c5999a88cd;3539;[1, 1, 1, 1, 1, 1, 1]
a59e19cd718074969936f338713a93a3;3572;[1, 1, 1, 1, 1, 1, 1]
a5c73dbd02378d9dde7ba643f3e287e1;3426;[1, 1, 1, 1, 1, 1, 1]
a6e8c1062b2d56743e2b15d0d8aefef4;4213;[1, 1, 1, 1, 1, 1, 1]
a79dcdae0c39312d7273daa6ddacfe57;4392;[1, 1, 1, 1, 1, 1, 1]
a92d990b2926a606432d536bfbb8eeb9;3680;[1, 1, 1, 1, 1, 1, 1]
a933fc5e19fba9802af49b21901dc479;3556;[1, 1, 1, 1, 1, 1, 1]
a934d0690a8ff955317cc2a72a6f2785;3612;[1, 1, 1, 1, 1, 1, 1]
a977349dc4df5264a0ce69d0325931d4;4242;[1, 1, 1, 1, 1, 1, 1]
aa07faa9c4b91b69828bf5b131ca9584;3630;[1, 1, 1, 1, 1, 1, 1]
aa18bb99d8a883be6b8615e5d80d1d1e;3765;[1, 1, 1, 1, 1, 1, 1]
aa7457f17bc57085e365014ce7cc5811;3621;[1, 1, 1, 1, 1, 1, 1]
aac2db301f6e00ab928fd1aa0b944d16;4342;[1, 1, 1, 1, 1, 1, 1]
aadc0b4a0d79fd6632c2083efe3c104b;3535;[1, 1, 1, 1, 1, 1, 1]
aae47ede527a5e7b229d7068ff7b5cac;4014;[1, 1, 1, 1, 1, 0, 0]
aaff35aaf5211ad96bf00fc716ff8b8b;3530;[1, 1, 1, 1, 1, 1, 1]
ab4f32f36c82f3d67f4d8b1779aced40;3329;[1, 1, 1, 1, 1, 1, 1]
ab6e13331c292ee057d64dc8049945a8;3801;[1, 1, 1, 1, 1, 1, 0]
abb12f0bdbcf0ff0e75f61ee400dd172;3561;[1, 1, 1, 1, 1, 1, 1]
ac2ed0db62dc66284230e6a43523c12b;3746;[1, 1, 1, 1, 1, 1, 1]
acb494d55d240a4c82b3342948193113;3552;[1, 1, 1, 1, 1, 1, 1]
ad9a396c52a6a52bdf6479ffc3112fa9;2837;[1, 1, 1, 1, 1, 1, 1]
ae41f8d1ec411e43591b77643ee83d0c;3625;[1, 1, 1, 1, 1, 1, 1]
aed99338e14ad762d64b228e04387d09;3709;[1, 1, 1, 1, 1, 1, 1]
aeef070602732b051e2f63475f4ed0f3;3530;[1, 1, 1, 1, 1, 0, 0]
aef6cd47ff997593e3e89a2216e17716;3589;[1, 1, 1, 1, 1, 1, 1]
af093953af240d0da8db2eff93de9af6;3572;[1, 1, 1, 1, 1, 0, 0]
af5c2211dec79eeb2a069bfc14d8da04;4250;[1, 1, 1, 1, 1, 1, 1]
b074911e536c88174f367c28c8f9c40a;3659;[1, 1, 1, 1, 1, 1, 1]
b08839ff247f7a74fa0bd76236b18621;3506;[1, 1, 1, 1, 1, 1, 1]
b0fd66f2552cf86cfe599154ae3527ed;3600;[1, 1, 1, 1, 1, 1, 1]
b10d6c24bf6222ff725cc22ee8b98edb;3499;[1, 1, 1, 1, 1, 1, 1]
b126270a6a1f3270573fffccaee0632c;3577;[1, 1, 1, 1, 1, 1, 1]
b1662d62c159ad433da3c0ec5893c454;3514;[1, 1, 1, 1, 1, 1, 1]
b1ce4afc52b4ac5ccc3c301533f46849;3740;[1, 1, 1, 1, 1, 1, 1]
b20f7713caac822b66f097474c176be5;3566;[1, 1, 1, 1, 1, 1, 1]
b21ee4fa21adc93aa333f49ece8b4808;3499;[1, 1, 1, 1, 1, 1, 1]
b2431576d34417d9c7884eb5679bd3f9;3668;[1, 1, 1, 1, 1, 1, 1]
b273a7e6eef11bb94f310181c4d7023f;3600;[1, 1, 1, 1, 1, 1, 1]
b29bf6efa5bef09e88545780508c9742;3547;[1, 1, 1, 1, 1, 1, 1]
b2b706e7e9c00a60ae66db168f7d44ad;3390;[1, 1, 1, 1, 1, 1, 1]
b3268dad149a318e1a3a35d3bf8a2310;3435;[1, 1, 1, 1, 1, 1, 1]
b34097f79c510d5d2b78e26e736d41e8;3696;[1, 1, 1, 1, 1, 1, 1]
b38d18232d45ea6a9cc803f391aa7fc8;3585;[1, 1, 1, 1, 1, 1, 1]
b3aa25e7bae39ca1c6d3fb73e3df3699;3486;[1, 1, 1, 1, 1, 1, 1]
b3d4bfc750cab2fe552b6511072b4f5f;3725;[1, 1, 1, 1, 1, 1, 1]
b3f88f794e6ed73b74af83fb75ae0cc2;4517;[1, 1, 1, 1, 1, 1, 1]
b42592137dd37de41f015fce48ca411c;3617;[1, 1, 1, 1, 1, 1, 1]
b46866f897cd2a9716f72b62f35fa208;4037;[1, 1, 1, 1, 1, 1, 1]
b4b69d6fa3966fc07edf7c251c90ee86;3477;[1, 1, 1, 1, 1, 1, 1]
b5258c80101c542649b0230159c74cea;3503;[1, 1, 1, 1, 1, 1, 1]
b58a20d3010a595bad4f3493dde9693d;3719;[1, 1, 1, 1, 1, 1, 1]
b58bcff6ad309ff0738a52153f05fddb;3488;[1, 1, 1, 1, 1, 1, 1]
b5a1847dc41a07ae917af20840d8c8e8;3592;[1, 1, 1, 1, 1, 1, 1]
b66c23fcea1fef436a1f6b2a5df8508b;3653;[1, 1, 1, 1, 1, 1, 1]
b6e889a9aa2fb96dff601e59c23e9ba5;4266;[1, 1, 1, 1, 1, 1, 1]
b78776a900f397027a54b5fedd05d72d;3646;[1, 1, 1, 1, 1, 1, 1]
b9c40d3837c748e17b868bf9290008a4;3571;[1, 1, 1, 1, 1, 1, 1]
ba23260584486b89935f4493eda8c388;4157;[1, 1, 1, 1, 1, 0, 0]
ba6beff69f36ea0b09e2edae4b28df20;3395;[1, 1, 1, 1, 1, 1, 1]
ba99d815ede9c3befb11e5330a660470;3332;[1, 1, 1, 1, 1, 1, 1]
bb80b3c05023e3b93f1ece00230ea182;3837;[1, 1, 1, 1, 1, 1, 0]
bbb64247fc6a8d5096704fde8afc3a24;4320;[1, 1, 1, 1, 1, 1, 1]
bbbabb292662f9fa80087d7bb884dc7d;3460;[1, 1, 1, 1, 1, 1, 1]
bbc0ab51bc5efe5bd47b6786bdf0a2f0;4332;[1, 1, 1, 1, 1, 1, 1]
bc3b072a43eaf52fe1db46684f4f90c4;4283;[1, 1, 1, 1, 1, 1, 1]
bcd1fdfb231acf977ed7ba8284fd0496;3959;[1, 1, 1, 1, 1, 1, 0]
bcfb59acaf53023d3ffe55c87f2740fb;3293;[1, 1, 1, 1, 1, 1, 1]
bdbd01233ffe56996d8208c5a7299ffc;2974;[1, 1, 1, 1, 1, 0, 0]
bdc5c7a1b94dc5350d45b26268a3f164;3500;[1, 1, 1, 1, 1, 1, 1]
be2eb1583f64c724fe958562c585af40;4213;[1, 1, 1, 1, 1, 1, 1]
be3fc02a557c1622c34cc9f77c193686;3581;[1, 1, 1, 1, 1, 1, 1]
bec1fe2da006a152a81ee2634d48ef56;3346;[1, 1, 1, 1, 1, 1, 1]
bec735ebca41c39b289bae0e21ed1875;3596;[1, 1, 1, 1, 1, 1, 1]
bf2ec4ad8704657bde774ef71724f611;3121;[1, 1, 1, 1, 1, 1, 1]
bf31a2920674ff588ef74c478205314e;2853;[1, 1, 1, 1, 1, 1, 1]
bf3ea87f28970ed9e2fb26fa24dfbe14;3575;[1, 1, 1, 1, 1, 1, 1]
c0e04d7a95ba3e0cc4826106fed3915b;3524;[1, 1, 1, 1, 1, 1, 1]
c0f6f8b7afc0fb78030ae635a261fdf7;3999;[1, 1, 1, 1, 1, 1, 1]
c17889c87136c9f4cccfc6b186ba362a;3302;[1, 1, 1, 1, 1, 1, 1]
c1877abbdbe893bba18760588864dcac;3505;[1, 1, 1, 1, 1, 1, 1]
c188ea9201faadee63092eb1aec6387a;3355;[1, 1, 1, 1, 1, 1, 1]
c1a35ab8b283964332bc167ed046a852;3411;[1, 1, 1, 1, 1, 0, 0]
c1b1852723388f4955d7549b29f2a1b8;3675;[1, 1, 1, 1, 1, 1, 1]
c1ddd69c6748007e019d0d87f749ba42;3631;[1, 1, 1, 1, 1, 1, 1]
c1e0426d0961d66bc82476dfe13875a2;3725;[1, 1, 1, 1, 1, 1, 1]
c1fc2b69242656dab926542a8dd21128;3118;[1, 1, 1, 1, 1, 1, 1]
c26779b9fc624acbc0a357e248326d00;3478;[1, 1, 1, 1, 1, 1, 1]
c3dbebf64ec8eaff8630986d2a0ea5c1;3859;[1, 1, 1, 1, 1, 1, 0]
c42fa2071190f46bb2afcab536e76171;3553;[1, 1, 1, 1, 1, 0, 0]
c4901993d4371b08cce69ef8443223ea;3463;[1, 1, 1, 1, 1, 1, 1]
c55753fd4a2036d650f816d632db250e;3688;[1, 1, 1, 1, 1, 1, 0]
c5c05966a629a72054ca87e6ea328200;3061;[1, 1, 1, 1, 1, 1, 1]
c601132107cca0754584bfcdad8cfad7;4217;[1, 1, 1, 1, 1, 1, 1]
c61847be13f6bcd719974ae54e98d332;3629;[1, 1, 1, 1, 1, 1, 1]
c61bcdbd38f59bab01f1362486a92259;3520;[1, 1, 1, 1, 1, 1, 1]
c64ef060ce8ee31154488f92a54671c6;3466;[1, 1, 1, 1, 1, 1, 1]
c6f698f0c1ee16e3a2761464c2896bd8;3670;[1, 1, 1, 1, 1, 1, 1]
c7402a06fe738762cd8eeecd76dbbdfc;3406;[1, 1, 1, 1, 1, 1, 1]
c780ffd462e252fa344cba644f1a66d3;3531;[1, 1, 1, 1, 1, 1, 1]
c7960236ff411781c3ea58a1b2280967;3523;[1, 1, 1, 1, 1, 1, 1]
c7a5c733caa425e8e942e267352e91f8;3819;[1, 1, 1, 1, 1, 1, 1]
c8651039c26f83e7cf2826b17bd5f89d;2833;[1, 1, 1, 1, 1, 0, 0]
c888180df1938bb9592156b9340334b8;3558;[1, 1, 1, 1, 1, 1, 1]
c8cbb867830171ded86ef2ac70c13e6d;3652;[1, 1, 1, 1, 1, 1, 1]
c8dc9ef142f9dcc6e94aebff5cbf2d6c;3348;[1, 1, 1, 1, 1, 1, 1]
c940e4096ea25ed8cc310225a05e61de;4317;[1, 1, 1, 1, 1, 1, 1]
c9acb588e5c27fa1662a5fddd0dbf585;3516;[1, 1, 1, 1, 1, 1, 1]
caa3be321c2b35e6a37a798f3b2b89f3;3370;[1, 1, 1, 1, 1, 1, 1]
cb2e4b710ce721408778bb2b0e16af3a;3061;[1, 1, 1, 1, 1, 1, 1]
cb5e465caee289c5528756b3835d9320;3473;[1, 1, 1, 1, 1, 1, 1]
cb6452c0b8d8a3b6067585db08610bb1;3512;[1, 1, 1, 1, 1, 1, 1]
cb7f794f2d57c0759d1e7a414aea11fa;3453;[1, 1, 1, 1, 1, 1, 1]
cba667a92eb1d3a3ddb8eea14413cf45;4291;[1, 1, 1, 1, 1, 1, 1]
cc328a44522bda0c6d9c7752422238d5;3577;[1, 1, 1, 1, 1, 0, 0]
cd19127bdf8fdc5526bd572835c3e99c;3498;[1, 1, 1, 1, 1, 1, 1]
cd3771ac50b082bfa70726965a3fe69d;4073;[1, 1, 1, 1, 1, 1, 1]
cd62430db68498b7775344bb5fb352e0;3691;[1, 1, 1, 1, 1, 1, 1]
cdbdf423edda1c4c891ebd53ae9939bb;4247;[1, 1, 1, 1, 1, 1, 1]
ce03c7ebac94e07be6e707147e498444;3592;[1, 1, 1, 1, 1, 1, 1]
ce1f7e94e98a2d574b363b8178023df9;3430;[1, 1, 1, 1, 1, 1, 1]
cec9ed191e5c261f3fd3fc716f17ec5c;4945;[1, 1, 1, 1, 1, 1, 1]
ceda736ffe2ff4311af1f1f1092383e7;3523;[1, 1, 1, 1, 1, 1, 1]
cf406c7e096f259d89f7de468c298102;4473;[1, 1, 1, 1, 1, 1, 1]
cf69c8f938e5f894daf3b5cc5615ca04;3618;[1, 1, 1, 1, 1, 0, 0]
cfafe0287c4be4ebfa7ae13c995cc0dd;4180;[1, 1, 1, 1, 1, 1, 1]
cfbdcfe59aabfae2cb4e717fa785479f;4312;[1, 1, 1, 1, 1, 1, 1]
cfbde1d90e435decc9fca0a42cff9edb;4018;[1, 1, 1, 1, 1, 1, 1]
d00c087e1820bd2cbd1032131f09f1f4;3545;[1, 1, 1, 1, 1, 1, 1]
d020075c5a60f183607b90ffd104f5af;4425;[1, 1, 1, 1, 1, 1, 0]
d0c8ee8a3fad7c5456756a8883320300;3508;[1, 1, 1, 1, 1, 1, 1]
d186062baf6c8dcd0f4c6023d5472e09;3379;[1, 1, 1, 1, 1, 1, 1]
d1a8df3a0ee7e4268ef7ddf156f822f6;3145;[1, 1, 1, 1, 1, 1, 1]
d1be3349eca24ce00034f3b93fa15d2f;3859;[1, 1, 1, 1, 1, 1, 1]
d1c97c809c7e3af68526e6ec42862177;3618;[1, 1, 1, 1, 1, 1, 1]
d1d2137e8d22c7b8d3ae9fde272aa173;3588;[1, 1, 1, 1, 1, 1, 1]
d22ca174fec4387742a3b85d9c4c43b9;4303;[1, 1, 1, 1, 1, 1, 1]
d31b1f35c5a4fbe191f8919e3cc74826;3530;[1, 1, 1, 1, 1, 1, 1]
d3ab0ad15fa47512cc7faf9e1f8eab5a;3554;[1, 1, 1, 1, 1, 1, 1]
d49c71c31b898c4bedde707533f052f6;3626;[1, 1, 1, 1, 1, 1, 1]
d557c2b2df7047bedc2e1a5999e12db5;3241;[1, 1, 1, 1, 1, 1, 1]
d56605dbb941d902f46508ba775d91ce;3594;[1, 1, 1, 1, 1, 1, 1]
d58bbe73e035265c4e58e9bdacfdc466;3465;[1, 1, 1, 1, 1, 1, 1]
d6ee856c255539873965f9a081de3bd2;4296;[1, 1, 1, 1, 1, 1, 1]
d6f1cf2684d94f673970e86a73514574;3503;[1, 1, 1, 1, 1, 1, 1]
d72a63031739e7081a4ba8397e804253;3507;[1, 1, 1, 1, 1, 1, 1]
d797447cdeb2ecc399793b1dc090c39c;4335;[1, 1, 1, 1, 1, 1, 1]
d7bc969cb0df97fb79fab9ff2cbe7be7;3627;[1, 1, 1, 1, 1, 1, 1]
d816e549ec16d08e2e714a27c8d18fdb;3660;[1, 1, 1, 1, 1, 1, 1]
d86fd09c77d0859bc315c28faa77a651;3462;[1, 1, 1, 1, 1, 1, 1]
d938420c8189049b0cedb8f56e08f49b;3598;[1, 1, 1, 1, 1, 1, 1]
d9e0522a6203536eb7774b458c518654;3901;[1, 1, 1, 1, 1, 1, 1]
da2397af98d68b0533485c911a5e9ba6;4216;[1, 1, 1, 1, 1, 1, 1]
db484a2e308557d4bf34b59f3cdd6490;3594;[1, 1, 1, 1, 1, 1, 1]
dbbf635e4bc61e9802a4c9fec48cf029;4930;[1, 1, 1, 1, 1, 1, 1]
dbcd6fbf2133ab8185dd0b0ae6cd27e2;3519;[1, 1, 1, 1, 1, 1, 1]
dbdd3afe314353a2c7426d2653871281;4126;[1, 1, 1, 1, 1, 1, 1]
dc3a2cc9fb4a522cea32d38171ba443a;4547;[1, 1, 1, 1, 1, 1, 1]
de42a72fa685d9c93d8848321543ab61;3457;[1, 1, 1, 1, 1, 1, 1]
de9e78d8f4fb2d19c02736488fa1927e;3520;[1, 1, 1, 1, 1, 1, 1]
dec4895ee6ae6946447849040f92d92d;3168;[1, 1, 1, 1, 1, 1, 1]
deca3ba6278e72fa3023ae0b12838807;3111;[1, 1, 1, 1, 1, 1, 1]
dee0a5db52983be4087050dbcf30b882;3543;[1, 1, 1, 1, 1, 1, 1]
df03d582503e2e29be65869ea6c4b76b;3806;[1, 1, 1, 1, 1, 1, 1]
df9c0d0a6f770c37b391db9e10952d4e;3499;[1, 1, 1, 1, 1, 1, 1]
dfc1f0f16ebec84181be67ad93714842;3565;[1, 1, 1, 1, 1, 1, 1]
dfe7be1332954509de2f6ba2b45ef379;4316;[1, 1, 1, 1, 1, 0, 0]
dfebc3f13ccbe702c0fa2fe69d98ae0b;3588;[1, 1, 1, 1, 1, 1, 1]
dff0d91354028ac22ba6aa6adbcaea1a;3521;[1, 1, 1, 1, 1, 1, 1]
e02152b99ce17edcd53c92b321d326d8;4473;[1, 1, 1, 1, 1, 1, 1]
e03b2061c4f11f6154318d330903c09f;3343;[1, 1, 1, 1, 1, 1, 1]
e4a2723fe2adc1d2dd7da3bf53da0c02;3565;[1, 1, 1, 1, 1, 1, 1]
e530083a80db791bbdc192e880bac624;3527;[1, 1, 1, 1, 1, 1, 1]
e587162a58bb8f212898ac9df190a728;5570;[1, 1, 1, 1, 1, 1, 1]
e5a9d6a9b343f9818391a8fbb2af379b;3752;[1, 1, 1, 1, 1, 1, 0]
e65b1f16fb39c07b5da6a2688d6e605a;4242;[1, 1, 1, 1, 1, 1, 1]
e664a7b0708649c6e6970d1902770032;3289;[1, 1, 1, 1, 1, 1, 1]
e6848be364ce37930eba06f038c4079c;4208;[1, 1, 1, 1, 1, 1, 1]
e727dddb50e98e507a71c8109ab4078e;3632;[1, 1, 1, 1, 1, 1, 1]
e7ff010a547d5090be256f1e1c704edb;3509;[1, 1, 1, 1, 1, 1, 1]
e8013e349761dedaf7105a28e70d0da7;4263;[1, 1, 1, 1, 1, 1, 1]
e82570e91d79fd64e7bc2d8382bff354;4401;[1, 1, 1, 1, 1, 1, 1]
e82e89318196d1b667302d70b3a5506c;3469;[1, 1, 1, 1, 1, 1, 1]
e8ffb0e326bcc6a4aae886ce1e0bc4f4;3481;[1, 1, 1, 1, 1, 1, 1]
e96d50385c746aae631a583fd61ef95b;5111;[1, 1, 1, 1, 1, 1, 1]
e985f9924e38b8c4d63551654a9232c6;3561;[1, 1, 1, 1, 1, 1, 1]
e9cec85f97311064383b6eae6a3b32e8;3557;[1, 1, 1, 1, 1, 1, 1]
ea45755004d35c1e12deba2e26e806c5;3519;[1, 1, 1, 1, 1, 1, 1]
ea7cbdf533aa83b94f167949c5ab66c8;3492;[1, 1, 1, 1, 1, 1, 1]
ea86901624b69aa8a5e6a135ca2ff77b;3650;[1, 1, 1, 1, 1, 1, 1]
eb313c75abcbeeed164a7f286af495c7;3571;[1, 1, 1, 1, 1, 1, 1]
eb9ef92691ccd586bdcb86cbe0879463;4223;[1, 1, 1, 1, 1, 1, 1]
ec1f63ed30b36a51a48b99d4bfac5ea8;4173;[1, 1, 1, 1, 1, 1, 1]
ec3004f4135768e6bb8f146d9f42e106;4219;[1, 1, 1, 1, 1, 1, 1]
ec9e133817b40abf1f6f6cb474a076ca;3575;[1, 1, 1, 1, 1, 1, 1]
ecd04a951905cf824cd6703e862a0331;3522;[1, 1, 1, 1, 1, 1, 1]
ece618bb36ad39e2f758bb8d68dacf9a;3666;[1, 1, 1, 1, 1, 1, 1]
ed1095fb5e4d19657439064beae03355;3518;[1, 1, 1, 1, 1, 1, 1]
ed788bd1ee5efd196365aeae66a60937;3658;[1, 1, 1, 1, 1, 1, 0]
ed7d3ea759ad655c4dc81dbf437e45f0;3550;[1, 1, 1, 1, 1, 1, 1]
ed7db838256cc0fce61357dd220fb537;3732;[1, 1, 1, 1, 1, 1, 1]
edca46651c5eb9bbbcc67514c93b8686;3330;[1, 1, 1, 1, 1, 1, 1]
eeb6847ab27b2cc4b214b2355eac5ac3;4326;[1, 1, 1, 1, 1, 1, 1]
eefc160716cc7753cd52fc2a4d6a5259;3098;[1, 1, 1, 1, 1, 1, 1]
ef264d096eef12930622ec33d0007fe7;4356;[1, 1, 1, 1, 1, 1, 1]
ef3a1b863c52a453c994c240e81002b2;3491;[1, 1, 1, 1, 1, 1, 1]
ef69d993f087f80095b9d078861d4344;3509;[1, 1, 1, 1, 1, 1, 1]
efa0e80279dfae827561f89de1b26d9c;3631;[1, 1, 1, 1, 1, 1, 1]
f113fbdf512e62ead4fc1f789c554c6e;3513;[1, 1, 1, 1, 1, 1, 1]
f16819c5b668440f19c62ac49dd50374;4745;[1, 1, 1, 1, 1, 1, 1]
f1a132a2894d4bc0477218d43cb7ef75;4810;[1, 1, 1, 1, 1, 1, 1]
f1c1dd1cbbb0c780dd871a75503d577b;3516;[1, 1, 1, 1, 1, 1, 1]
f253d90d378984380c55ec4ac0178ef7;3532;[1, 1, 1, 1, 1, 1, 1]
f26eb0251c7b3f5ba2858d60c1a3b470;3590;[1, 1, 1, 1, 1, 1, 1]
f2a2630b709ae1f208921d83343cb230;3514;[1, 1, 1, 1, 1, 1, 1]
f32186292f750b523e483ead55bb6c35;4038;[1, 1, 1, 1, 1, 1, 1]
f3764d71fd1e9d20dbd5a4d00b9bdb1a;4005;[1, 1, 1, 1, 1, 1, 1]
f37c162138e3208b073dc31ed25de6be;4324;[1, 1, 1, 1, 1, 1, 1]
f3cfbbc996450eeef505c2f6199db70c;2991;[1, 1, 1, 1, 1, 1, 1]
f4895e59c43cbffc3f00cc90fbae08f1;3614;[1, 1, 1, 1, 1, 1, 1]
f48f556c16003e0110c3bcd7bf64d627;3723;[1, 1, 1, 1, 1, 1, 1]
f4914d72b047483c7684237743eb9b37;3375;[1, 1, 1, 1, 1, 1, 1]
f49fd3cc933e493ed4d7fdb31b911e73;3757;[1, 1, 1, 1, 1, 1, 1]
f51698556ee0417389b25cd72d46052c;3492;[1, 1, 1, 1, 1, 1, 1]
f52274bf0a3ca6e07615695e6ac37e62;4069;[1, 1, 1, 1, 1, 1, 1]
f526c2d52fd52a0eedcb29f7eaa3031a;3731;[1, 1, 1, 1, 1, 1, 1]
f54456b8df92db5c7dc52aa721b41e3e;4305;[1, 1, 1, 1, 1, 1, 1]
f5e2a691fe69c265ff1a166dff788342;3677;[1, 1, 1, 1, 1, 1, 1]
f603d033beb600c6a4f5082167d5dfb4;3589;[1, 1, 1, 1, 1, 1, 1]
f69e371055eaa82660d85f5489b19d48;3747;[1, 1, 1, 1, 1, 1, 0]
f7679086770b98870ac9afb42fb116f6;2720;[1, 1, 1, 1, 1, 1, 1]
f780b957553b186cd6c2a1f30ee6d0c6;3425;[1, 1, 1, 1, 1, 0, 0]
f80ea2b2f46ceb904c4e859b3663e21c;3471;[1, 1, 1, 1, 1, 1, 1]
f8833f62ca66a833339b42facdc9f667;3618;[1, 1, 1, 1, 1, 1, 1]
f8ccb123119859c143ed069bac97f1af;3582;[1, 1, 1, 1, 1, 1, 1]
f917ae6d5a79f21489581d9962b0e70f;3831;[1, 1, 1, 1, 1, 1, 0]
f938d47b090f9a9c676df943933eb680;3956;[1, 1, 1, 1, 1, 1, 1]
f9d8250b6f3c5b47289ba8e416290f04;3152;[1, 1, 1, 1, 1, 1, 1]
f9e15f4b7877ae7de488704e2270b453;3551;[1, 1, 1, 1, 1, 0, 0]
fbafc8fcfd26057e43f5b1c81ba25344;3497;[1, 1, 1, 1, 1, 1, 1]
fbc5d2712dfe2402c49c7a5d57809a93;3482;[1, 1, 1, 1, 1, 1, 1]
fc811f52537fc7bc274c2f8d7dce2fd6;3261;[1, 1, 1, 1, 1, 1, 1]
fcdf3619f265091c44e661615afe5462;3576;[1, 1, 1, 1, 1, 1, 1]
fd5009b3e1c5870755b873413c726a38;2797;[1, 1, 1, 1, 1, 1, 1]
fd9678856584f2f45db11c0faf972fa2;3538;[1, 1, 1, 1, 1, 1, 1]
fe006215debaae6b2dfc2ff2469ee727;3644;[1, 1, 1, 1, 1, 1, 1]
feec24253f55e6b06b62a7beb009df26;3762;[1, 1, 1, 1, 1, 1, 1]
ff86aa676df6e54cf5d575df77fc5564;3675;[1, 1, 1, 1, 1, 1, 1]
ffe6c312da4a26cb66244bb92b5f36e1;3323;[1, 1, 1, 1, 1, 1, 1]
